iso_ts,source,type,app,note
2025-09-26T10:02:29,ios,unlock,,
2025-09-26T10:03:13,ios,unlock,,
2025-09-26T10:04:25,ios,unlock,reddit,
2025-09-26T10:06:55,ios,unlock,instagram,
2025-09-26T10:09:46,ios,unlock,,
2025-09-26T10:11:02,ios,unlock,,
2025-09-26T10:11:51,ios,unlock,tiktok,
2025-09-26T10:13:03,ios,unlock,,
2025-09-26T10:13:39,ios,unlock,tiktok,
2025-09-26T10:14:35,ios,unlock,,
2025-09-26T10:17:16,ios,unlock,,
2025-09-26T10:17:38,ios,unlock,,
2025-09-26T10:18:29,ios,unlock,instagram,
2025-09-26T10:19:50,ios,unlock,instagram,
2025-09-26T10:21:04,ios,unlock,,
2025-09-26T10:21:47,ios,unlock,,
2025-09-26T10:24:10,ios,unlock,tiktok,
2025-09-26T10:25:06,ios,unlock,,
2025-09-26T10:25:59,ios,unlock,,
2025-09-26T10:26:31,ios,unlock,tiktok,
